epoch,accuracy,loss,val_accuracy,val_loss,learning_rate
1,0.8126797676086426,0.5121433138847351,0.9440000057220459,0.1856728047132492,0.0010000000474974513
2,0.9803676605224609,0.07113651931285858,0.9539999961853027,0.15733374655246735,0.0010000000474974513
3,0.9951231479644775,0.02500929869711399,0.949999988079071,0.20741403102874756,0.0010000000474974513
4,0.9978742003440857,0.01133875735104084,0.9520000219345093,0.2403278797864914,0.0010000000474974513
5,0.9989995956420898,0.002737186150625348,0.953000009059906,0.23852451145648956,0.0005000000237487257
