epoch,accuracy,loss,val_accuracy,val_loss,learning_rate
1,0.8376891613006592,0.49715083837509155,0.953000009059906,0.1633082926273346,0.0010000000474974513
2,0.9801175594329834,0.07552561908960342,0.9559999704360962,0.1545238047838211,0.0010000000474974513
3,0.9914968013763428,0.030304057523608208,0.9539999961853027,0.18005815148353577,0.0010000000474974513
4,0.9963736534118652,0.015612291172146797,0.9459999799728394,0.2712421119213104,0.0010000000474974513
5,0.9991246461868286,0.0036792787723243237,0.9549999833106995,0.2785492539405823,0.0005000000237487257
6,0.9988746047019958,0.004381225444376469,0.9509999752044678,0.24822047352790833,0.0005000000237487257
7,0.9996248483657837,0.003066573990508914,0.953000009059906,0.2650972306728363,0.0002500000118743628
