epoch,accuracy,loss,val_accuracy,val_loss,learning_rate
1,0.8342931270599365,0.47266310453414917,0.8738107085227966,0.36573562026023865,0.0010000000474974513
2,0.9063383936882019,0.2779921293258667,0.8748122453689575,0.3723750412464142,0.0010000000474974513
3,0.9295868873596191,0.20581786334514618,0.8734768629074097,0.41698941588401794,0.0010000000474974513
4,0.9482728242874146,0.142449751496315,0.8721415400505066,0.4886043965816498,0.0005000000237487257
5,0.9564148783683777,0.11656387895345688,0.870722770690918,0.5422948598861694,0.0005000000237487257
6,0.9647053480148315,0.08953111618757248,0.8696377873420715,0.6367461085319519,0.0002500000118743628
