epoch,accuracy,loss,val_accuracy,val_loss,learning_rate
1,0.8934483528137207,0.31700584292411804,0.916458010673523,0.24999041855335236,0.0010000000474974513
2,0.9399360418319702,0.18198616802692413,0.9132031202316284,0.26421868801116943,0.0010000000474974513
3,0.9563871026039124,0.1263110488653183,0.9167084097862244,0.2821694314479828,0.0010000000474974513
4,0.9733852744102478,0.07218560576438904,0.9139542579650879,0.36848217248916626,0.0005000000237487257
5,0.9801270365715027,0.05113320052623749,0.9118677973747253,0.4357741177082062,0.0005000000237487257
6,0.9872490167617798,0.030714547261595726,0.9117843508720398,0.55165696144104,0.0002500000118743628
