epoch,accuracy,loss,val_accuracy,val_loss,learning_rate
1,0.676878809928894,0.8399208188056946,0.9290000200271606,0.22086624801158905,0.0010000000474974513
2,0.963111162185669,0.13246707618236542,0.9520000219345093,0.15782113373279572,0.0010000000474974513
3,0.9894960522651672,0.04171089828014374,0.949999988079071,0.17921742796897888,0.0010000000474974513
4,0.9972489476203918,0.012991517782211304,0.9539999961853027,0.17876257002353668,0.0010000000474974513
5,0.9996248483657837,0.004656821954995394,0.9549999833106995,0.18688130378723145,0.0005000000237487257
6,0.9997498989105225,0.0026919471565634012,0.953000009059906,0.1994413584470749,0.0005000000237487257
7,0.9998749494552612,0.002108439803123474,0.9539999961853027,0.19970698654651642,0.0002500000118743628
