epoch,accuracy,loss,val_accuracy,val_loss,learning_rate
1,0.8733442425727844,0.36263030767440796,0.916333019733429,0.2594955861568451,0.0010000000474974513
2,0.9407320618629456,0.18076784908771515,0.9209209084510803,0.25884735584259033,0.0010000000474974513
3,0.962950587272644,0.10985305160284042,0.917584240436554,0.3140013515949249,0.0010000000474974513
4,0.9777166247367859,0.06415920704603195,0.913913905620575,0.37522879242897034,0.0010000000474974513
5,0.9900169372558594,0.02886812761425972,0.9150817394256592,0.42073559761047363,0.0005000000237487257
