epoch,accuracy,loss,val_accuracy,val_loss,learning_rate
1,0.686632513999939,0.8206846714019775,0.9340000152587891,0.21498407423496246,0.0010000000474974513
2,0.9627360105514526,0.13337312638759613,0.949999988079071,0.159499391913414,0.0010000000474974513
3,0.9888707995414734,0.04590350762009621,0.9549999833106995,0.17933335900306702,0.0010000000474974513
4,0.9958734512329102,0.017126617953181267,0.949999988079071,0.18854083120822906,0.0010000000474974513
5,0.9987495541572571,0.00675142602995038,0.9520000219345093,0.19446076452732086,0.0005000000237487257
6,0.9994997978210449,0.003670725040137768,0.9520000219345093,0.20282617211341858,0.0005000000237487257
7,1.0,0.002325923414900899,0.9509999752044678,0.20386387407779694,0.0002500000118743628
