epoch,accuracy,loss,val_accuracy,val_loss,learning_rate
1,0.6896336078643799,0.8324199914932251,0.9269999861717224,0.2525295615196228,0.0010000000474974513
2,0.9563586115837097,0.14466698467731476,0.9430000185966492,0.20067007839679718,0.0010000000474974513
3,0.9894960522651672,0.043710846453905106,0.9319999814033508,0.2243940234184265,0.0010000000474974513
4,0.9959985017776489,0.016362836584448814,0.9340000152587891,0.24209903180599213,0.0010000000474974513
5,0.9984994530677795,0.007444960065186024,0.9359999895095825,0.2512514889240265,0.0005000000237487257
6,0.9994997978210449,0.0037779579870402813,0.9350000023841858,0.2629763185977936,0.0005000000237487257
7,0.9998749494552612,0.0028747275937348604,0.9359999895095825,0.26626479625701904,0.0002500000118743628
