epoch,accuracy,loss,val_accuracy,val_loss,learning_rate
1,0.6648743152618408,0.8703150153160095,0.9309999942779541,0.24230502545833588,0.0010000000474974513
2,0.9622358679771423,0.13681770861148834,0.9419999718666077,0.1763896942138672,0.0010000000474974513
3,0.9888707995414734,0.040578246116638184,0.9449999928474426,0.1853315532207489,0.0010000000474974513
4,0.9977491497993469,0.011105038225650787,0.9419999718666077,0.19757433235645294,0.0010000000474974513
5,0.9997498989105225,0.004311655648052692,0.9459999799728394,0.20551104843616486,0.0005000000237487257
