epoch,accuracy,loss,val_accuracy,val_loss,learning_rate
1,0.8203076124191284,0.5226708054542542,0.9409999847412109,0.19913092255592346,0.0010000000474974513
2,0.9799925088882446,0.07139655202627182,0.9520000219345093,0.16984987258911133,0.0010000000474974513
3,0.993122398853302,0.026534685865044594,0.9380000233650208,0.23066453635692596,0.0010000000474974513
4,0.9976240992546082,0.009579154662787914,0.9480000138282776,0.25738096237182617,0.0010000000474974513
5,0.9993747472763062,0.0028988171834498644,0.9440000057220459,0.27692368626594543,0.0005000000237487257
