epoch,accuracy,loss,val_accuracy,val_loss,learning_rate
1,0.8473177552223206,0.43023964762687683,0.9610000252723694,0.1254587024450302,0.0010000000474974513
2,0.9838689565658569,0.05603779852390289,0.9710000157356262,0.10160825401544571,0.0010000000474974513
3,0.9923721551895142,0.02548951283097267,0.972000002861023,0.1127549409866333,0.0010000000474974513
4,0.9966237545013428,0.010180245153605938,0.972000002861023,0.13259071111679077,0.0010000000474974513
5,0.9994997978210449,0.0027397668454796076,0.9670000076293945,0.13954657316207886,0.0005000000237487257
