epoch,accuracy,loss,val_accuracy,val_loss,learning_rate
1,0.6656246185302734,0.868148922920227,0.9300000071525574,0.2379755824804306,0.0010000000474974513
2,0.9622358679771423,0.1330517828464508,0.9480000138282776,0.1741182953119278,0.0010000000474974513
3,0.9888707995414734,0.04046836867928505,0.9459999799728394,0.18177394568920135,0.0010000000474974513
4,0.9981243014335632,0.010195957496762276,0.9480000138282776,0.19574327766895294,0.0010000000474974513
5,0.9991246461868286,0.004635889083147049,0.9459999799728394,0.20317164063453674,0.0005000000237487257
