dataset,scenario_code,scenario_name,cnn_accuracy,attention_bilstm_accuracy,accuracy_difference_cnn_minus_bilstm,accuracy_winner,cnn_f1_macro,attention_bilstm_f1_macro,f1_difference_cnn_minus_bilstm,f1_winner,cnn_inference_seconds,attention_bilstm_inference_seconds,faster_model
AG News,A1,Title,0.8632100750267953,0.8555734190782422,0.007636655948553006,CNN,0.8625455564503735,0.8555686711162664,0.006976885334107008,CNN,1.307403,2.667749,CNN
AG News,A2,Title + Description,0.887593783494105,0.8865219721329046,0.001071811361200381,CNN,0.8876093347433909,0.8863875957942229,0.0012217389491679942,CNN,1.259996,5.100313,CNN
Kompas,K1,Title,0.947,0.937,0.009999999999999898,CNN,0.947112467705282,0.9369093315097632,0.010203136195518825,CNN,0.553288,1.60387,CNN
Kompas,K2,Title + Description,0.958,0.953,0.0050000000000000044,CNN,0.958068344276824,0.9531270373932011,0.00494130688362282,CNN,0.636894,2.081457,CNN
Kompas,K3,Title + Description + Keyword YAKE,0.95,0.952,-0.0020000000000000018,Attention-BiLSTM,0.950046758462421,0.952047232755724,-0.0020004742933029673,Attention-BiLSTM,0.456074,1.567223,CNN
