epoch,accuracy,learning_rate,loss,val_accuracy,val_loss
0,0.8216831088066101,0.0010000000474974513,0.5203592777252197,0.9399999976158142,0.20185159146785736
1,0.9791171550750732,0.0010000000474974513,0.07158331573009491,0.9549999833106995,0.16474297642707825
2,0.9924972057342529,0.0010000000474974513,0.025806967169046402,0.9459999799728394,0.21722529828548431
3,0.9988746047019958,0.0010000000474974513,0.0073677306063473225,0.9459999799728394,0.2682468295097351
4,0.9994997978210449,0.0005000000237487257,0.002198647940531373,0.9449999928474426,0.29134300351142883
