epoch,accuracy,learning_rate,loss,val_accuracy,val_loss
0,0.8304830193519592,0.0010000000474974513,0.47599664330482483,0.8697030544281006,0.38119983673095703
1,0.9076870083808899,0.0010000000474974513,0.27486786246299744,0.8704537749290466,0.38991081714630127
2,0.9305080771446228,0.0010000000474974513,0.20371438562870026,0.8612779378890991,0.4754210114479065
3,0.9490929841995239,0.0005000000237487257,0.1426214873790741,0.8687020540237427,0.5091738104820251
