epoch,accuracy,learning_rate,loss,val_accuracy,val_loss
0,0.7687882781028748,0.0010000000474974513,0.6448557376861572,0.9190000295639038,0.26862749457359314
1,0.9689883589744568,0.0010000000474974513,0.1155141144990921,0.9240000247955322,0.23925089836120605
2,0.9887458086013794,0.0010000000474974513,0.04047993943095207,0.9300000071525574,0.2707766890525818
3,0.9962486028671265,0.0010000000474974513,0.01562625914812088,0.9240000247955322,0.3751641511917114
4,0.9981243014335632,0.0005000000237487257,0.007023141719400883,0.9229999780654907,0.38081878423690796
