epoch,accuracy,learning_rate,loss,val_accuracy,val_loss
0,0.8911598920822144,0.0010000000474974513,0.31888774037361145,0.9164164066314697,0.25774654746055603
1,0.9399442076683044,0.0010000000474974513,0.18137264251708984,0.9154154062271118,0.2760397791862488
2,0.9559244513511658,0.0010000000474974513,0.12664347887039185,0.9154154062271118,0.3012208044528961
3,0.973239541053772,0.0005000000237487257,0.07259942591190338,0.911661684513092,0.3830051124095917
