epoch,accuracy,learning_rate,loss,val_accuracy,val_loss
0,0.8354383111000061,0.0010000000474974513,0.5194969773292542,0.9559999704360962,0.16453875601291656
1,0.9789921045303345,0.0010000000474974513,0.07741540670394897,0.9580000042915344,0.1515401154756546
2,0.9921220541000366,0.0010000000474974513,0.029496142640709877,0.953000009059906,0.16546589136123657
3,0.9979992508888245,0.0010000000474974513,0.00856089312583208,0.9539999961853027,0.19797751307487488
4,0.9991246461868286,0.0005000000237487257,0.003385518677532673,0.9610000252723694,0.1960473209619522
5,0.9996248483657837,0.0005000000237487257,0.002514149993658066,0.9610000252723694,0.19556130468845367
6,0.9997498989105225,0.0002500000118743628,0.0012241419171914458,0.9610000252723694,0.20669403672218323
