epoch,accuracy,learning_rate,loss,val_accuracy,val_loss
0,0.7935475707054138,0.0010000000474974513,0.6314007639884949,0.9390000104904175,0.20375677943229675
1,0.9678629636764526,0.0010000000474974513,0.11289366334676743,0.9470000267028809,0.18923011422157288
2,0.9907465577125549,0.0010000000474974513,0.039322249591350555,0.9330000281333923,0.23116660118103027
3,0.9954982995986938,0.0010000000474974513,0.017758198082447052,0.9369999766349792,0.23772597312927246
4,0.9984994530677795,0.0005000000237487257,0.005968873389065266,0.9380000233650208,0.25224900245666504
5,0.9993747472763062,0.0005000000237487257,0.0036491642240434885,0.9350000023841858,0.27484798431396484
6,0.9997498989105225,0.0002500000118743628,0.0014345742529258132,0.9350000023841858,0.2685551345348358
