epoch,accuracy,learning_rate,loss,val_accuracy,val_loss
0,0.7414030432701111,0.0010000000474974513,0.6935898661613464,0.9570000171661377,0.13350217044353485
1,0.97223961353302,0.0010000000474974513,0.08935395628213882,0.9810000061988831,0.06974853575229645
2,0.9908715486526489,0.0010000000474974513,0.030404774472117424,0.9850000143051147,0.05800119787454605
3,0.9983744025230408,0.0010000000474974513,0.009642106480896473,0.9860000014305115,0.059386514127254486
4,0.9987495541572571,0.0010000000474974513,0.005795136094093323,0.9850000143051147,0.05710945278406143
5,0.9994997978210449,0.0010000000474974513,0.0028591742739081383,0.9860000014305115,0.06279294192790985
6,1.0,0.0010000000474974513,0.0015643673250451684,0.9860000014305115,0.06421122699975967
7,1.0,0.0005000000237487257,0.0008766106911934912,0.9869999885559082,0.06423069536685944
