epoch,accuracy,learning_rate,loss,val_accuracy,val_loss
0,0.6788795590400696,0.0010000000474974513,0.8500194549560547,0.9300000071525574,0.23738983273506165
1,0.9612354636192322,0.0010000000474974513,0.13505952060222626,0.9399999976158142,0.19058667123317719
2,0.9884957075119019,0.0010000000474974513,0.04229416325688362,0.9430000185966492,0.21145232021808624
3,0.9977491497993469,0.0010000000474974513,0.011744401417672634,0.9490000009536743,0.22697573900222778
4,0.9993747472763062,0.0005000000237487257,0.004982216749340296,0.9520000219345093,0.23047299683094025
