epoch,accuracy,learning_rate,loss,val_accuracy,val_loss
0,0.874011218547821,0.0010000000474974513,0.3663017153739929,0.9173760414123535,0.25076398253440857
1,0.9399452805519104,0.0010000000474974513,0.18438810110092163,0.9198797941207886,0.2501887381076813
2,0.9631195664405823,0.0010000000474974513,0.10988620668649673,0.9190452098846436,0.289926141500473
3,0.9777252078056335,0.0010000000474974513,0.06372659653425217,0.9132866263389587,0.3764766752719879
4,0.9901052713394165,0.0005000000237487257,0.027929937466979027,0.9178768396377563,0.4128045439720154
5,0.9941577315330505,0.0005000000237487257,0.016549184918403625,0.9165414571762085,0.4777962863445282
6,0.9967357516288757,0.0002500000118743628,0.00976997148245573,0.9157068729400635,0.5265457034111023
