epoch,accuracy,learning_rate,loss,val_accuracy,val_loss
0,0.6646242141723633,0.0010000000474974513,0.8632768392562866,0.9200000166893005,0.2637442648410797
1,0.9579842686653137,0.0010000000474974513,0.15091361105442047,0.9319999814033508,0.19490136206150055
2,0.9876203536987305,0.0010000000474974513,0.04438091441988945,0.9340000152587891,0.21354036033153534
3,0.9977491497993469,0.0010000000474974513,0.014414421282708645,0.9340000152587891,0.23851393163204193
4,0.9988746047019958,0.0005000000237487257,0.006585586816072464,0.9369999766349792,0.24418795108795166
