epoch,accuracy,learning_rate,loss,val_accuracy,val_loss
0,0.8186182975769043,0.0010000000474974513,0.5048874616622925,0.8647814393043518,0.3887241780757904
1,0.9092257618904114,0.0010000000474974513,0.2720106244087219,0.869619607925415,0.3852323591709137
2,0.9393602609634399,0.0010000000474974513,0.17986571788787842,0.8699532747268677,0.4610397219657898
3,0.9584457278251648,0.0010000000474974513,0.11912660300731659,0.8681181073188782,0.5380806922912598
4,0.9744259715080261,0.0005000000237487257,0.0683262050151825,0.8666166067123413,0.6434390544891357
