epoch,accuracy,learning_rate,loss,val_accuracy,val_loss
0,0.8188436031341553,0.0010000000474974513,0.5011023283004761,0.8711400628089905,0.36581647396087646
1,0.9071544408798218,0.0010000000474974513,0.2764890491962433,0.8741445541381836,0.3718811869621277
2,0.9386562705039978,0.0010000000474974513,0.18076491355895996,0.8738107085227966,0.4422941505908966
3,0.9639727473258972,0.0005000000237487257,0.10224096477031708,0.8763144612312317,0.5005983114242554
4,0.9739416837692261,0.0005000000237487257,0.07116109877824783,0.8713904023170471,0.5660342574119568
5,0.9822320938110352,0.0002500000118743628,0.046535663306713104,0.870388925075531,0.6410551071166992
